edge_1,edge_2,length
18,68,47
92,8,18
57,91,29
15,26,10
22,53,35
92,2,15
83,11,34
8,52,29
96,54,5
84,51,12
42,96,14
49,49,36
68,57,35
3,22,24
47,24,38
61,13,28
63,81,50
32,79,17
56,26,18
35,45,34
3,57,20
91,64,40
53,49,30
90,64,12
71,4,35
39,11,51
89,25,21
56,30,20
79,10,25
25,61,46
73,98,31
36,83,42
3,89,32
77,23,23
18,95,33
43,7,44
32,26,18
15,14,59
47,32,47
59,46,37
43,69,21
44,54,28
48,6,17
72,94,38
97,99,42
51,50,23
68,74,26
41,3,25
22,33,21
3,81,36
26,75,32
3,30,29
32,27,13
45,70,31
14,89,40
3,15,10
17,33,17
23,6,12
94,32,45
9,99,64
32,43,32
27,99,67
96,57,9
71,42,43
59,7,50
75,27,20
47,45,17
92,21,15
57,12,20
43,93,51
23,89,17
32,68,17
39,19,54
17,2,15
91,6,25
75,22,1
7,33,18
18,90,31
34,5,41
12,37,34
37,64,40
96,28,17
94,40,28
6,37,19
6,74,19
50,43,33
83,25,20
41,40,12
54,69,38
88,0,43
22,73,34
13,67,2
56,70,24
91,91,46
83,6,25
52,69,25
42,27,18
56,33,22
80,72,6
76,19,52
48,21,9
48,75,30
38,37,29
12,93,56
31,53,34
21,79,29
94,96,11
97,45,27
26,40,37
15,24,61
92,67,12
7,21,18
13,10,30
57,21,25
57,7,41
80,93,42
67,40,37
40,99,28
73,4,44
35,66,28
92,24,43
48,94,16
45,71,24
78,32,35
32,8,26
26,25,20
42,68,31
13,44,31
48,33,29
38,77,18
2,94,37
53,12,28
4,10,35
56,79,17
54,86,37
85,83,34
61,77,18
49,64,29
42,86,25
9,16,4
94,51,19
9,10,27
76,26,27
68,43,49
48,38,23
6,20,44
42,42,36
96,52,23
78,61,44
50,61,36
32,91,27
46,83,20
44,8,37
45,4,43
77,66,44
35,69,42
72,69,27
42,93,51
43,78,19
9,68,39
80,3,15
78,83,44
52,71,17
57,11,39
68,67,16
84,43,25
49,37,33
63,18,54
82,22,21
2,40,40
35,44,31
67,88,18
53,25,27
59,17,36
71,0,35
2,45,28
61,81,35
75,91,34
61,23,26
80,12,8
73,17,33
50,70,2
83,28,19
84,14,37
13,77,24
67,94,32
19,91,31
51,18,42
45,66,46
50,25,28
80,51,15
47,23,23
39,42,15
20,94,23
84,98,16
89,8,15
48,79,3
13,24,47
85,69,29
52,11,43
36,50,26
34,8,45
13,61,28
60,53,40
96,53,19
57,6,33
15,15,35
60,69,31
26,20,58
42,10,28
57,93,48
68,19,57
97,33,21
75,37,33
39,45,39
91,36,42
9,67,13
67,91,32
90,4,39
72,2,31
7,37,24
17,3,21
12,30,39
22,45,29
23,52,22
79,13,10
80,89,7
56,4,36
63,4,49
15,77,36
37,41,36
46,28,16
37,14,16
46,99,70
40,6,21
38,6,23
32,10,23
42,72,28
71,82,44
34,82,66
25,51,24
6,71,5
2,77,29
22,40,36
19,57,22
31,7,48
7,4,32
88,41,29
27,13,18
77,53,36
18,49,35
68,18,55
96,48,32
94,91,6
61,50,23
19,33,17
56,11,37
61,29,11
89,10,31
36,69,37
17,91,22
22,8,33
97,26,12
59,69,41
71,78,10
83,0,24
60,83,47
39,68,46
12,19,49
57,19,45
31,2,29
35,64,13
2,2,32
34,26,43
42,26,23
83,88,21
18,54,30
46,3,20
47,2,18
60,11,46
15,86,18
83,44,12
77,46,31
91,52,51
6,95,28
48,76,22
47,54,12
23,99,63
50,48,24
90,20,58
57,41,22
97,16,22
18,16,36
77,75,29
44,10,36
91,14,60
50,29,15
59,75,48
73,46,34
46,72,11
79,78,20
31,68,26
68,78,28
73,68,39
54,68,43
38,16,21
88,10,32
73,32,53
25,57,32
22,6,13
8,79,28
45,49,36
66,36,27
20,86,22
78,99,46
23,75,27
27,64,31
88,13,31
98,40,39
94,81,22
63,38,44
63,33,35
25,11,51
54,88,35
72,42,42
26,98,20
45,73,38
59,66,63
21,74,23
51,88,14
47,95,18
90,17,28
47,72,21
91,78,30
76,16,32
66,3,13
35,50,11
98,27,23
61,5,21
77,89,19
94,94,35
84,46,19
9,71,10
18,51,18
85,27,12
96,5,11
27,69,17
80,79,7
68,83,47
6,22,16
27,76,20
4,81,46
53,23,26
38,73,32
77,10,31
27,10,10
42,91,32
76,69,25
9,4,35
51,81,35
35,25,39
92,44,16
8,3,21
32,36,21
32,57,18
61,38,32
60,68,41
43,46,17
34,74,30
85,32,48
50,14,22
71,32,45
26,57,29
19,2,3
50,30,28
48,29,30
88,91,34
63,13,31
78,35,27
92,77,16
2,26,33
82,66,35
42,40,28
39,49,6
34,28,14
18,37,40
20,22,18
17,49,17
38,50,23
88,15,17
12,7,49
17,57,13
6,25,26
78,40,18
34,15,33
38,15,28
21,95,32
52,74,25
51,13,28
14,93,56
67,15,13
50,81,15
43,72,14
48,30,36
44,96,23
71,6,5
80,19,36
75,19,48
79,28,14
19,52,30
83,30,7
61,57,19
74,36,10
50,37,6
60,26,33
19,50,23
85,77,15
80,35,4
40,67,19
14,38,41
34,50,40
8,93,43
94,10,21
53,53,29
74,53,14
71,38,20
66,48,35
52,37,31
54,0,47
75,7,46
91,28,17
84,86,22
84,4,29
60,74,30
3,13,29
85,24,7
61,96,10
79,41,26
22,23,22
35,89,19
43,79,22
61,76,14
35,68,24
56,51,18
51,91,28
88,33,31
35,15,40
73,75,31
66,46,22
84,67,24
31,77,26
54,93,57
90,51,22
47,50,20
80,43,28
48,40,40
75,32,54
21,75,21
20,30,23
46,38,25
32,64,24
80,76,25
85,38,24
54,4,47
57,13,29
38,69,14
43,91,32
13,8,33
13,73,26
84,18,34
90,88,30
41,8,24
92,96,9
53,16,21
85,20,52
82,19,39
40,72,31
31,78,23
17,82,43
2,19,51
73,82,52
89,68,47
49,46,26
23,91,31
31,37,19
90,7,42
6,61,29
49,26,32
7,74,21
7,14,40
74,42,20
80,64,17
39,88,33
67,7,44
60,40,38
56,42,14
43,17,10
47,10,21
97,52,37
54,40,40
90,71,20
34,81,55
19,98,21
76,13,18
76,74,34
45,30,20
82,69,29
3,43,34
48,71,12
96,22,13
97,73,13
34,89,32
77,78,19
90,68,40
13,79,24
12,17,35
20,2,16
25,98,37
72,12,29
68,48,42
74,99,71
74,17,16
63,93,59
83,81,31
31,45,28
61,93,47
78,53,37
7,25,27
34,98,28
49,74,29
46,6,22
90,13,22
79,48,10
39,3,28
47,7,37
80,16,13
97,20,35
3,18,43
39,73,39
42,15,13
92,32,32
94,11,25
21,46,24
85,71,24
78,22,31
7,78,10
4,78,23
38,66,40
37,30,46
88,86,35
52,45,25
83,83,29
90,77,12
63,28,38
63,49,42
73,24,53
23,17,15
43,22,27
51,41,21
6,42,38
38,49,20
37,29,31
91,26,46
37,89,30
38,20,54
45,20,60
8,98,20
36,76,40
91,76,43
97,66,21
48,89,22
77,16,34
75,25,39
12,46,36
78,72,34
7,86,25
38,75,22
98,21,14
57,49,24
2,3,13
4,7,35
48,54,21
48,61,41
45,46,33
38,21,21
91,54,8
82,6,5
40,75,36
71,11,36
56,44,24
45,38,38
56,0,36
3,41,22
35,98,35
50,96,10
44,5,33
22,76,28
19,76,24
77,21,31
48,28,17
72,11,48
74,25,21
42,57,3
38,40,33
35,18,30
6,17,19
80,90,8
12,2,15
85,57,17
6,72,30
15,12,39
51,77,18
66,67,16
92,17,22
14,16,33
53,3,23
91,74,44
73,45,32
46,86,23
37,75,40
88,45,6
85,66,38
96,96,20
59,13,52
38,48,25
89,57,30
13,74,32
40,37,27
21,40,32
20,54,10
79,8,9
35,49,43
12,76,25
83,43,26
31,13,36
2,49,31
68,93,47
59,26,49
17,50,17
46,42,19
21,77,15
72,27,24
15,46,33
35,2,21
40,35,23
61,89,31
98,98,32
91,24,62
37,46,33
36,14,48
54,23,26
54,18,49
37,98,31
22,30,34
23,86,32
40,12,35
12,57,30
53,57,19
23,57,24
14,14,54
67,10,28
35,41,9
21,61,33
98,96,21
72,76,24
42,0,41
73,90,40
82,76,32
37,67,23
71,93,45
23,43,38
27,4,23
58,11,5
84,54,7
47,33,20
2,73,34
66,88,23
67,96,14
68,79,32
72,75,32
37,88,34
27,2,24
2,78,22
18,78,26
91,82,64
67,8,31
7,20,49
50,44,20
34,49,41
56,3,19
42,48,32
90,37,33
41,49,34
31,30,36
82,24,42
9,13,11
88,66,48
73,49,44
90,41,25
78,81,23
76,12,27
43,14,49
72,8,37
75,67,12
21,11,23
76,20,62
41,0,34
96,91,32
34,64,42
74,83,21
12,79,41
76,95,29
26,78,19
71,68,31
51,48,28
51,7,40
12,53,40
43,37,33
9,42,39
85,29,26
6,94,30
52,77,19
71,43,31
50,13,30
23,93,36
46,48,15
12,33,32
82,79,29
78,23,23
88,73,28
48,74,32
84,76,6
41,70,4
79,81,26
52,27,16
48,8,12
51,61,22
61,27,14
45,69,37
21,66,39
46,57,22
18,72,36
57,68,37
63,89,40
91,83,54
34,93,51
23,21,27
36,94,43
97,41,25
27,30,14
83,46,20
18,43,47
31,5,29
9,76,17
92,73,14
52,38,16
88,68,44
20,12,14
74,26,29
90,91,9
13,7,46
84,20,46
44,18,51
98,32,56
86,11,11
84,3,19
67,21,28
61,51,20
80,75,17
74,96,20
23,29,20
82,72,35
4,82,57
37,17,26
17,48,22
39,13,47
77,20,58
54,96,31
22,29,25
83,98,17
34,12,37
80,37,21
83,53,22
46,43,33
8,61,32
51,52,33
68,69,31
72,32,60
42,83,37
22,25,39
50,10,14
41,30,30
42,28,22
68,11,54
3,93,48
59,12,43
83,23,19
94,78,10
94,17,25
53,71,18
53,78,15
53,69,31
56,77,17
53,46,27
25,95,45
39,33,42
25,22,36
66,23,11
37,42,52
67,51,4
57,81,36
4,27,25
98,23,19
53,18,42
54,53,39
74,82,59
98,28,19
44,79,28
47,4,34
97,88,32
47,69,14
35,76,25
18,14,56
42,99,56
22,99,64
42,54,19
59,93,57
26,68,40
22,68,39
35,37,17
82,35,7
17,37,23
84,33,15
4,98,19
60,64,30
74,35,24
26,4,33
32,23,20
12,45,34
92,51,16
88,8,33
36,98,30
88,37,37
44,41,30
50,99,38
13,50,29
92,74,25
14,77,27
45,91,28
38,5,21
79,15,25
53,77,18
32,28,26
60,76,28
39,90,38
96,67,22
79,20,59
7,66,35
51,74,26
90,83,40
8,20,50
73,15,36
57,35,35
91,33,16
38,17,25
73,48,49
13,37,35
83,42,32
77,54,33
80,98,19
43,38,35
63,20,66
68,0,51
94,73,27
27,77,24
60,3,15
94,88,27
56,64,24
97,42,45
96,11,31
32,66,21
49,79,31
75,21,30
40,88,30
53,7,40
89,69,40
38,76,14
60,81,43
73,52,40
47,37,26
67,29,15
68,41,34
72,57,29
6,0,30
34,37,46
23,81,40
68,44,39
19,13,24
22,61,36
18,91,40
37,53,46
53,21,18
50,33,17
61,42,32
2,48,36
31,50,31
15,66,54
53,61,36
84,15,21
43,27,18
14,35,43
56,76,13
50,32,27
74,88,2
26,37,33
89,16,15
75,75,28
85,45,21
53,83,7
41,2,12
56,86,26
17,19,38
83,33,16
61,40,33
51,21,24
51,95,21
51,14,45
73,33,30
38,33,23
90,52,35
83,26,24
91,53,47
15,61,42
7,61,31
45,41,27
68,27,30
83,10,17
71,67,19
75,18,46
14,11,47
14,69,26
53,95,9
34,44,43
61,37,29
20,71,22
49,12,32
88,2,29
83,52,26
32,38,26
77,33,41
53,30,14
68,98,24
12,78,20
50,19,21
25,45,36
76,7,48
14,67,39
4,49,32
91,20,69
4,77,30
60,50,28
7,28,22
66,21,31
27,45,9
56,7,39
59,0,61
20,61,17
53,68,36
71,88,26
39,96,29
37,95,41
67,28,31
60,77,27
7,93,7
79,88,30
41,20,33
63,11,53
12,40,38
89,96,21
60,90,33
53,38,32
60,66,45
13,46,19
72,98,34
73,42,53
89,28,20
56,48,27
31,42,40
8,57,15
72,91,38
79,75,27
90,54,17
75,81,41
57,37,30
66,54,13
78,52,41
13,51,6
80,67,12
53,26,31
84,49,29
3,53,27
44,72,34
68,23,11
51,94,28
75,28,31
74,94,17
23,0,40
19,69,27
67,79,22
76,81,43
17,83,27
51,83,33
96,99,51
13,15,15
39,24,3
38,89,28
61,70,25
67,54,19
72,44,35
66,44,32
41,99,40
73,18,45
8,67,18
94,67,15
77,37,33
37,51,25
15,45,40
12,20,59
43,50,27
56,99,11
92,33,22
71,66,35
88,54,23
9,49,30
21,44,1
68,33,40
57,18,43
85,67,11
92,36,9
83,8,14
94,20,49
83,35,27
76,4,45
19,25,36
3,54,16
57,42,33
68,45,34
17,95,15
50,68,13
48,82,56
41,11,20
71,12,31
89,49,24
4,22,34
57,98,25
41,43,35
54,73,39
19,41,21
61,83,33
6,88,21
52,64,27
7,50,18
77,26,35
37,66,11
32,24,40
83,66,33
75,88,20
98,26,31
50,93,47
61,0,37
96,3,17
96,79,22
26,51,16
43,25,37
6,78,5
17,89,25
66,45,29
83,67,24
91,17,35
7,26,26
7,69,26
39,10,43
45,37,35
17,7,34
84,21,30
21,51,17
60,27,28
91,44,43
4,0,46
35,17,37
63,44,31
63,41,33
51,49,23
32,93,46
78,36,12
23,16,27
79,23,14
61,4,37
18,73,38
14,15,18
32,98,23
75,98,30
48,44,10
78,30,36
77,83,43
97,89,12
38,19,44
74,90,7
21,16,3
83,79,18
77,17,24
25,72,14
49,68,40
39,16,43
18,89,26
2,22,33
45,95,15
82,3,22
23,32,52
97,48,28
34,7,44
77,15,27
35,4,42
73,66,43
35,7,51
85,21,10
48,35,19
42,13,32
91,7,58
90,45,27
88,18,50
46,79,5
78,38,29
14,78,24
63,50,35
68,8,41
97,23,19
85,54,13
46,17,15
90,44,6
41,81,17
7,15,21
37,40,4
63,29,43
98,93,23
23,15,18
39,22,42
77,13,12
17,81,29
15,22,43
31,73,28
49,13,41
89,12,22
97,74,30
37,36,34
46,13,15
91,75,40
59,67,26
67,64,29
91,15,38
52,68,38
4,64,33
23,94,32
47,51,7
7,49,17
20,52,28
32,89,12
66,11,17
45,54,21
7,57,14
6,77,24
27,8,27
3,49,24
76,38,37
46,89,27
52,67,15
97,10,18
83,77,11
41,7,42
97,21,23
35,11,29
69,28,12
38,23,26
50,12,30
73,12,40
68,96,27
85,37,27
4,72,33
7,32,45
85,53,27
88,23,34
31,57,27
3,33,24
84,91,34
45,72,32
85,68,34
22,19,47
74,68,46
80,11,33
80,81,30
41,71,14
84,22,15
20,44,20
23,2,27
41,16,20
40,8,41
8,25,43
47,15,6
12,67,25
4,24,50
49,11,45
56,69,16
76,54,22
57,14,46
85,75,20
80,28,18
42,12,23
38,51,20
36,19,47
98,90,9
14,52,42
26,42,42
82,30,26
52,29,19
67,95,25
79,95,18
38,88,11
75,51,6
4,91,37
44,23,7
15,83,53
38,53,23
85,81,30
41,5,23
8,26,27
26,12,29
56,74,25
80,24,30
92,23,20
26,0,24
45,18,48
48,49,8
22,66,43
71,20,49
98,76,25
34,42,50
8,99,57
3,77,19
35,72,37
77,61,40
15,5,41
46,4,45
98,16,14
22,37,32
59,14,68
18,29,29
4,50,31
36,66,43
73,78,18
89,93,56
14,75,31
96,74,16
42,70,20
49,15,22
74,81,32
53,67,21
85,89,29
49,36,30
7,46,22
53,17,26
96,72,16
73,72,33
56,68,35
25,21,37
25,30,41
71,46,25
36,12,39
78,86,15
20,41,16
41,64,4
61,88,14
15,91,25
52,83,38
26,35,16
19,88,24
60,12,33
47,83,30
72,70,35
15,36,14
49,2,9
80,49,12
98,74,2
22,54,13
34,40,50
23,12,22
54,6,17
98,79,8
91,98,42
31,36,30
7,90,13
80,53,15
76,79,26
25,94,50
47,57,16
44,98,20
97,43,37
27,49,23
53,40,33
25,24,57
12,69,40
32,4,35
51,27,14
68,6,23
27,6,22
13,25,39
77,11,45
23,90,22
39,54,34
26,16,14
61,11,38
4,11,49
51,25,33
23,46,16
45,89,34
53,51,20
67,44,29
90,36,16
52,57,21
88,44,31
71,94,35
7,70,20
15,30,48
52,90,20
80,91,17
74,44,13
19,42,42
47,49,20
54,91,38
26,24,51
63,79,37
76,35,24
47,22,3
3,91,29
21,15,26
8,13,26
75,71,9
36,51,26
91,46,42
36,35,15
35,40,21
97,78,19
12,68,41
71,86,25
77,36,31
75,61,28
19,19,9
26,19,48
74,67,18
94,43,34
3,86,28
88,12,27
94,90,32
25,27,27
98,99,67
61,35,34
26,18,46
18,38,15
73,27,23
85,26,29
13,27,20
15,6,27
20,91,23
71,83,34
20,14,40
36,90,25
92,91,19
78,95,40
73,96,19
77,88,32
2,36,21
38,3,23
14,3,8
66,61,31
4,43,44
61,30,28
21,28,8
83,49,23
97,8,26
36,73,35
80,10,19
76,40,41
6,8,20
56,89,12
45,35,31
39,25,52
96,24,34
66,24,50
40,93,50
44,37,38
7,98,19
59,23,21
17,10,18
27,83,22
34,4,41
49,48,41
97,35,28
72,48,38
66,20,14
63,83,19
92,19,26
54,36,34
15,44,22
46,73,29
67,75,26
96,69,21
48,99,68
41,94,19
48,24,52
73,74,33
36,26,34
90,2,8
34,29,35
57,28,28
46,98,32
54,5,31
51,93,47
71,54,33
4,71,13
19,45,26
71,77,29
51,19,44
50,21,19
15,57,39
94,23,10
98,3,16
88,64,33
91,40,48
49,35,28
76,52,41
89,52,42
57,79,19
36,82,52
71,70,20
76,76,22
84,27,6
14,24,50
49,93,50
8,28,13
51,70,25
57,94,29
54,10,34
77,19,48
68,30,44
61,54,15
54,66,47
46,27,23
21,68,35
54,71,12
17,14,39
50,4,31
23,26,28
97,64,6
20,50,18
74,3,21
89,7,49
89,3,28
54,19,51
45,82,55
20,51,15
8,14,41
7,22,18
52,52,32
4,76,26
6,69,24
60,10,38
50,94,17
74,72,12
22,90,25
39,37,39
57,30,29
50,75,22
14,13,37
46,93,55
37,27,32
61,15,9
84,16,30
52,14,47
56,94,27
82,74,24
48,27,22
60,2,10
49,33,36
74,2,15
66,64,29
72,25,43
43,26,23
98,46,3
71,24,42
66,17,15
39,0,56
35,38,32
21,35,22
8,64,21
61,32,50
6,5,14
92,41,3
82,48,26
22,98,30
54,99,68
85,61,34
76,91,36
15,52,39
40,41,32
25,38,35
2,61,30
89,61,45
92,28,9
83,68,29
18,20,65
61,22,23
25,69,41
9,7,38
13,71,33
71,41,16
80,86,22
40,45,36
32,52,32
73,54,22
89,19,55
23,38,6
68,21,38
32,77,17
59,28,50
40,77,23
54,95,42
67,42,36
92,81,20
63,0,43
56,41,20
2,67,10
17,18,36
57,22,24
88,88,22
84,7,32
89,32,61
84,17,18
23,23,21
91,71,20
91,27,32
45,5,27
77,32,54
98,68,42
6,13,25
38,64,25
80,2,16
50,78,15
37,57,37
4,52,28
73,77,25
68,28,40
41,17,28
79,3,15
41,48,26
2,17,20
85,78,13
66,22,30
31,52,41
90,75,26
32,61,21
79,5,26
49,91,41
31,11,46
82,11,36
89,81,32
6,12,26
88,5,29
6,24,37
12,83,47
31,79,26
12,70,30
34,91,46
2,75,32
59,91,52
17,99,55
14,21,33
20,15,4
96,51,10
96,78,5
72,10,34
41,42,43
20,3,22
84,71,19
76,3,13
89,17,35
31,90,27
54,50,30
48,93,53
8,12,29
54,48,38
39,69,36
76,37,37
90,42,26
94,52,32
34,77,39
4,33,35
3,52,34
72,33,33
79,91,10
43,44,29
54,33,8
7,79,12
19,22,26
56,36,21
42,2,25
76,73,28
89,44,13
57,4,38
40,40,31
53,6,23
84,13,22
98,72,14
49,25,46
31,49,31
19,71,15
40,66,7
61,44,25
49,50,27
2,57,29
9,43,12
80,99,53
85,42,29
74,52,42
47,68,33
44,73,36
27,29,17
42,4,41
89,21,12
22,88,28
57,44,26
78,96,18
73,29,38
97,2,14
68,90,33
80,14,37
60,36,31
75,96,16
45,12,34
77,8,34
48,46,32
18,94,41
47,90,16
94,82,44
63,86,42
34,20,71
94,93,46
13,32,56
32,48,27
94,75,23
42,64,20
63,73,44
26,8,14
17,94,22
89,6,32
74,79,6
46,11,34
84,37,21
67,35,38
34,36,31
50,40,10
35,23,26
51,12,19
83,38,25
44,13,38
85,40,31
19,29,21
15,27,34
20,89,8
6,82,39
13,82,55
94,2,5
96,15,19
26,76,24
50,45,23
6,33,30
74,41,31
45,98,30
50,71,20
39,77,37
42,82,44
22,24,50
73,23,18
44,15,25
21,90,30
48,96,18
32,51,19
14,98,33
43,3,3
47,5,18
3,83,34
15,96,30
25,75,35
61,33,23
23,67,5
23,49,26
20,98,19
31,74,34
13,42,38
54,41,28
46,0,24
82,57,17
78,41,6
9,69,24
14,79,27
32,6,11
89,22,34
49,5,34
47,18,39
73,36,30
26,22,33
39,2,15
15,72,44
59,16,48
2,14,52
48,17,25
72,3,9
94,41,16
4,74,21
79,61,38
67,33,27
43,89,25
63,37,41
40,96,26
46,5,30
23,33,29
97,68,17
43,68,40
44,16,2
75,50,27
43,30,32
73,83,45
6,18,32
22,70,28
18,67,14
84,61,28
14,48,37
26,49,33
12,32,55
34,86,47
3,10,25
47,21,21
92,6,22
36,20,57
23,24,44
47,81,32
79,18,47
3,90,20
39,86,40
21,36,24
77,18,46
54,2,37
12,48,51
71,98,22
46,77,18
7,19,39
78,4,39
35,13,41
19,86,2
9,32,53
7,23,26
15,70,39
19,38,14
9,66,43
63,66,52
46,44,12
98,43,36
41,89,10
61,16,24
72,99,71
72,24,51
21,5,20
37,20,25
27,3,13
40,5,26
44,35,21
8,71,20
3,5,22
97,93,51
59,98,34
22,83,42
22,22,29
56,29,10
41,68,15
76,82,57
39,57,18
47,96,7
2,54,26
12,89,36
96,36,17
97,44,24
13,5,27
20,26,14
61,20,54
44,3,15
78,75,30
22,41,24
35,77,29
61,18,42
88,35,37
44,45,30
23,61,25
23,70,27
6,73,22
84,0,43
75,77,17
4,28,35
74,20,64
74,74,35
20,11,33
15,2,12
42,5,25
43,88,18
49,88,27
72,20,64
60,5,35
97,77,22
73,86,7
48,78,22
44,52,29
56,35,30
15,78,29
88,78,23
25,19,54
45,21,24
37,94,48
49,14,49
19,17,16
44,46,23
80,38,17
91,22,41
78,27,22
22,78,18
79,93,50
52,35,24
78,26,16
26,70,29
67,18,46
42,14,40
63,5,33
59,86,53
38,86,30
45,50,29
90,33,25
68,38,17
94,3,18
52,24,46
2,46,21
48,88,33
84,40,25
15,41,35
40,26,35
82,44,23
17,52,27
27,25,33
2,5,31
72,61,32
92,52,32
40,17,22
91,70,40
67,69,21
60,91,42
12,73,37
89,54,24
35,19,32
43,41,25
72,23,36
6,21,17
94,61,35
76,93,55
98,33,34
75,52,39
85,33,21
52,2,5
25,10,37
27,24,30
23,73,29
85,41,19
52,73,28
72,41,31
15,11,29
31,17,14
67,50,27
73,40,36
36,53,35
20,42,27
15,8,24
8,40,29
6,70,15
91,79,47
34,71,22
23,19,46
21,6,20
85,25,19
50,15,29
27,11,44
2,98,18
9,26,26
41,95,34
75,5,27
44,44,35
39,78,25
2,33,34
38,26,31
61,95,21
7,96,5
37,5,30
74,49,11
4,46,22
47,11,35
66,72,24
3,82,50
25,68,46
39,64,35
40,48,42
89,40,44
68,42,46
19,40,33
36,44,31
22,82,52
85,0,8
39,36,36
53,4,37
9,27,17
78,14,30
43,66,44
47,71,11
2,35,19
7,2,21
60,95,35
82,16,25
17,6,26
12,75,33
82,75,20
88,16,32
94,45,24
61,2,21
57,3,28
66,95,30
66,89,19
84,57,11
71,74,24
80,45,9
75,41,25
12,27,25
8,42,42
72,36,32
82,96,28
27,18,48
18,76,29
18,36,25
37,50,38
31,96,18
15,10,25
38,44,22
6,96,23
36,3,30
54,83,46
31,64,33
75,30,6
76,48,36
43,54,3
34,78,32
23,79,21
96,41,11
2,74,20
43,19,48
71,15,27
92,57,18
8,44,6
56,27,13
88,21,30
53,14,45
67,77,22
49,67,19
40,15,25
37,4,25
48,7,46
60,4,41
3,20,55
71,73,27
72,21,34
35,90,26
43,90,23
66,91,35
41,54,17
67,2,25
40,53,42
75,26,25
84,68,28
4,79,27
57,51,1
75,33,22
67,82,53
31,35,22
14,2,30
54,44,35
52,25,34
50,74,26
92,83,35
83,17,19
56,20,4
84,26,23
73,76,23
44,93,43
67,13,32
54,15,30
52,26,27
15,73,11
48,22,31
73,5,30
56,72,23
48,90,4
45,94,44
56,17,5
48,77,3
17,64,19
79,26,35
41,6,19
54,14,52
91,57,37
45,74,32
15,76,34
91,13,23
31,54,23
52,54,17
60,28,32
63,22,22
68,17,26
72,66,50
96,88,18
44,61,32
18,45,32
52,44,26
94,24,45
94,14,40
37,28,17
74,23,20
41,10,16
18,8,39
21,10,19
78,6,25
19,73,30
92,18,24
60,30,16
91,41,36
6,43,26
92,54,14
46,12,6
83,19,37
34,57,39
36,48,34
46,52,41
98,69,7
12,5,32
75,23,23
66,10,13
66,6,14
72,13,4
37,49,43
34,27,34
67,53,30
88,82,57
52,13,13
44,14,54
42,8,31
80,27,9
9,12,26
88,98,32
3,26,20
90,5,25
40,3,20
74,29,11
51,36,22
80,21,13
18,99,72
40,19,11
48,43,41
34,79,36
44,20,63
82,15,27
63,35,37
80,61,11
84,30,20
4,30,39
90,10,24
27,74,12
92,88,27
41,29,17
48,32,57
79,76,19
22,69,31
51,96,10
51,64,25
94,37,24
80,94,18
60,16,38
56,5,20
90,25,14
17,24,35
38,14,45
54,70,32
49,0,50
78,73,17
89,33,32
6,76,27
23,68,38
17,67,24
91,37,44
8,46,23
44,43,45
17,13,22
61,74,26
32,83,32
44,7,36
41,27,16
84,94,32
25,73,42
18,93,45
74,12,7
52,93,14
39,91,47
18,81,49
79,74,29
3,71,28
59,88,38
23,3,8
88,67,33
21,3,16
32,86,26
73,6,30
25,52,46
38,99,61
75,0,43
98,91,18
45,79,31
96,76,4
20,77,13
91,95,50
76,11,46
77,95,39
38,61,19
23,48,31
47,42,29
56,15,8
98,30,30
76,53,34
13,30,34
50,42,41
42,32,45
77,52,40
52,41,23
46,61,9
18,10,38
31,38,35
78,5,29
36,23,22
35,27,25
18,48,40
59,29,41
96,83,26
68,2,6
42,36,22
90,99,65
59,22,49
43,15,13
52,53,31
38,30,28
38,8,24
73,13,37
76,75,8
39,40,43
23,98,13
32,17,5
49,89,31
22,43,10
20,82,44
97,51,18
72,43,43
44,57,31
4,99,69
90,38,19
19,77,12
63,75,34
12,28,20
94,49,36
34,32,67
71,8,25
47,28,23
90,8,8
54,7,50
89,79,19
48,81,29
35,54,26
71,18,37
97,67,24
52,48,16
26,72,34
68,94,43
61,91,28
20,46,8
66,37,20
22,49,37
2,28,34
92,43,19
39,50,33
14,64,34
57,5,22
39,66,50
49,24,54
39,46,32
89,83,47
61,3,27
37,73,40
41,88,30
84,70,17
67,24,45
15,95,41
57,96,11
12,86,24
85,99,59
26,41,25
47,40,30
61,68,36
60,89,29
67,49,27
21,2,3
57,52,34
77,96,28
31,94,36
40,44,39
14,4,46
71,30,26
90,57,23
36,38,28
35,10,25
52,79,19
48,19,51
66,81,14
20,38,27
78,48,32
4,17,21
15,42,52
77,43,40
66,14,5
63,51,32
36,25,39
2,32,57
63,7,52
26,29,7
21,73,31
20,32,45
36,10,30
32,45,19
17,51,14
22,89,18
94,35,7
75,86,33
13,90,25
83,3,20
18,25,45
79,22,28
38,90,16
43,70,29
4,13,37
46,67,17
51,5,21
71,33,35
67,57,23
3,48,29
25,2,40
97,82,30
48,0,22
18,64,36
78,44,28
88,75,30
9,41,24
77,50,27
78,18,27
60,94,42
90,98,26
41,76,16
47,94,25
17,76,8
8,10,20
19,93,44
9,21,21
74,8,15
46,64,18
52,70,27
91,23,34
56,90,18
63,2,33
40,23,14
98,75,31
75,54,14
19,4,10
7,3,11
85,6,29
54,27,24
43,98,28
49,95,34
51,35,34
46,15,18
3,42,33
36,18,45
2,15,23
83,15,22
59,78,38
8,19,40
45,29,37
76,50,31
47,41,18
91,32,65
12,35,17
90,49,17
8,50,19
26,46,23
13,53,32
46,75,31
18,71,16
82,99,56
37,11,28
54,8,37
68,12,33
7,54,10
91,2,45
83,78,8
75,64,29
43,75,26
78,3,31
77,2,34
51,42,32
38,4,20
36,54,41
15,7,46
12,24,55
14,49,32
26,71,12
40,51,21
22,11,44
71,22,21
23,5,26
43,95,25
94,98,23
97,27,18
89,38,26
66,41,25
3,3,28
89,27,25
84,78,7
42,22,27
74,70,35
22,81,41
43,48,32
96,4,27
9,3,6
77,79,36
72,78,25
34,46,31
88,53,12
76,17,14
17,11,32
22,14,48
36,2,33
54,82,56
96,17,16
91,43,51
4,15,24
79,94,26
25,90,32
82,21,22
67,52,37
91,61,51
78,46,35
18,66,51
59,81,61
75,12,25
80,7,35
79,40,38
98,35,18
49,98,27
53,70,25
32,29,10
71,57,17
2,68,43
57,54,16
85,51,15
73,53,38
59,36,37
68,72,38
92,86,12
94,15,28
36,52,39
90,24,48
61,66,40
61,24,41
23,20,56
71,17,24
91,69,46
82,12,31
88,6,35
76,64,33
46,82,58
17,98,18
4,35,20
14,50,32
14,20,63
98,81,34
39,8,46
83,50,16
57,88,15
39,28,37
51,10,24
92,10,19
8,76,10
49,83,46
79,83,41
32,73,19
9,2,4
60,73,34
41,96,12
23,25,36
45,99,67
82,89,10
52,75,24
61,10,24
79,17,22
32,32,31
35,93,58
91,45,41
54,64,32
67,37,33
27,46,13
25,7,53
72,83,43
61,48,28
2,64,32
88,11,46
45,53,6
47,12,16
34,22,43
48,25,18
37,48,46
41,53,31
27,38,35
21,4,34
21,81,20
54,13,15
66,75,29
13,81,41
59,72,48
18,21,36
6,99,51
38,18,42
12,49,46
74,73,30
44,28,7
53,48,22
56,10,23
34,48,46
36,4,43
27,90,19
46,45,7
84,93,39
21,48,39
46,16,11
15,50,37
59,82,72
50,51,20
61,21,24
54,42,53
40,43,47
17,32,44
50,8,22
31,98,32
50,90,15
73,93,54
39,93,56
43,11,42
71,2,25
50,3,23
73,2,13
46,30,27
31,48,36
90,89,30
23,30,33
27,51,6
47,93,44
38,12,16
17,70,19
80,22,18
32,16,22
83,86,23
37,71,25
46,2,14
25,35,22
44,40,42
71,50,18
53,27,14
25,3,23
20,74,21
94,28,10
88,3,35
8,82,45
66,50,27
59,11,64
14,37,38
14,33,32
89,41,32
98,95,11
83,40,26
6,66,30
63,91,34
14,43,42
8,45,19
66,5,19
79,73,36
54,3,20
46,19,53
21,14,44
20,99,7
77,67,14
85,16,13
84,12,25
97,86,11
21,12,30
6,15,22
9,75,1
90,30,32
90,90,13
48,95,8
94,7,39
89,89,37
89,43,44
91,50,38
88,51,28
66,83,42
50,38,21
4,23,6
94,33,22
76,45,28
56,14,44
72,53,36
74,7,49
23,42,35
90,74,28
46,26,28
40,25,47
25,77,6
43,23,29
8,83,32
68,51,20
57,72,25
50,0,32
84,74,18
61,64,25
34,73,44
84,5,13
31,71,15
9,57,22
48,42,17
36,78,18
3,17,7
25,89,25
59,4,47
17,8,21
84,53,21
45,27,20
89,67,25
21,91,4
90,76,18
78,21,27
51,15,9
79,69,33
52,20,56
36,70,28
51,11,38
75,4,43
42,90,23
59,95,45
15,32,64
4,54,27
48,12,6
34,10,7
43,86,31
37,70,40
31,76,22
85,74,24
41,36,6
20,67,25
98,42,22
71,40,28
27,32,56
19,49,33
72,40,43
27,41,27
63,69,43
77,27,21
37,76,34
97,76,18
8,5,17
37,0,55
90,35,27
72,6,42
88,36,30
60,96,24
85,98,22
19,23,8
80,78,7
82,2,25
79,79,13
88,32,58
60,37,34
26,94,9
13,98,30
91,10,42
79,51,16
66,13,28
75,78,19
72,64,35
67,6,36
48,37,36
2,37,36
77,49,41
96,64,15
32,88,13
22,18,45
21,23,8
45,10,30
52,89,27
14,68,45
83,94,31
31,99,20
2,51,14
3,36,23
61,90,19
6,35,2
66,8,34
75,6,14
36,33,43
77,4,44
20,73,15
94,53,30
23,74,15
92,68,18
82,5,19
6,90,12
44,0,47
3,35,35
41,41,23
84,73,24
42,71,30
14,54,24
78,8,30
22,26,33
44,11,50
90,18,46
25,79,42
57,32,51
22,79,32
32,5,20
2,21,32
48,72,9
46,51,21
77,69,35
67,26,23
97,3,17
17,96,4
82,49,34
35,75,33
22,17,20
63,36,39
3,72,25
63,72,38
20,64,20
94,22,24
63,25,39
73,44,11
57,83,34
42,53,30
92,99,43
34,61,40
20,70,20
53,89,28
32,30,27
52,28,29
76,10,32
3,98,25
52,91,29
18,83,45
73,8,13
91,0,9
96,77,8
56,49,5
38,27,14
61,26,19
57,82,50
91,3,28
80,82,41
34,70,42
13,49,29
12,15,38
53,79,25
38,46,10
31,70,33
17,54,9
26,28,19
7,52,28
66,86,6
43,33,11
40,50,34
12,95,2
22,50,26
19,46,23
2,69,25
6,27,7
66,25,40
96,61,26
79,6,17
63,45,6
17,46,7
27,91,28
57,99,62
67,38,36
96,18,32
76,71,17
50,24,44
27,22,9
71,75,20
44,21,34
84,23,30
20,23,21
51,28,27
53,36,27
25,16,7
74,50,33
6,86,20
72,89,41
59,10,50
80,57,14
32,20,4
21,25,9
96,0,41
49,57,12
82,38,20
92,93,11
34,0,55
36,72,43
89,99,72
40,11,24
75,10,30
78,20,39
15,81,26
90,40,37
90,50,27
26,5,31
76,5,29
44,71,14
71,10,22
92,4,36
48,45,31
71,52,31
79,4,40
25,20,64
46,14,54
37,72,35
26,27,24
96,70,15
34,83,51
68,20,67
13,4,43
90,32,54
91,94,55
52,16,28
57,89,32
67,25,37
66,71,16
72,22,33
42,30,32
32,95,20
41,86,9
76,6,22
96,68,26
84,82,41
80,46,2
7,53,24
75,46,19
35,67,31
50,6,25
39,81,48
12,77,27
19,68,36
36,28,30
82,93,45
40,74,29
67,99,65
43,96,14
23,35,14
59,48,52
45,6,29
32,25,32
59,32,73
44,27,26
19,75,25
72,30,38
43,57,23
83,7,33
89,78,26
68,71,18
37,32,21
66,53,35
7,51,12
45,13,25
7,43,28
8,95,31
57,16,25
26,96,20
7,82,44
14,23,35
8,70,21
14,40,42
94,72,25
84,38,36
7,83,31
7,95,17
66,82,9
31,19,34
60,41,26
63,77,30
84,72,18
68,29,31
53,10,24
21,99,60
21,7,37
22,91,34
23,27,19
57,23,27
31,40,23
12,88,37
45,33,29
41,79,29
14,86,36
40,38,20
13,83,39
66,28,6
3,19,45
21,37,28
14,57,28
97,30,32
57,53,27
20,40,28
44,42,42
23,76,20
71,99,56
14,70,34
72,26,29
73,25,19
44,95,31
13,66,46
26,26,35
32,54,14
98,57,25
20,43,28
43,49,27
90,72,18
8,74,22
98,44,15
37,45,40
88,19,52
21,19,43
22,0,43
78,98,32
27,44,25
92,38,26
51,57,19
51,16,24
15,89,32
4,3,14
19,43,36
48,15,28
50,57,19
43,74,30
90,82,53
8,81,34
49,44,38
82,29,29
23,41,23
56,18,41
6,23,9
4,53,35
82,20,49
92,11,23
40,70,36
47,74,23
49,66,44
67,14,49
79,7,43
53,94,38
76,29,19
57,86,28
21,22,22
37,19,15
4,89,23
36,29,37
54,77,3
45,26,37
40,83,49
44,68,45
9,30,7
3,46,14
12,61,45
49,18,46
35,24,55
14,45,29
17,38,26
82,40,28
50,49,32
6,7,33
3,88,15
78,93,55
40,7,43
88,93,55
34,2,10
47,13,12
19,89,15
82,4,35
67,48,32
22,75,28
15,17,32
57,40,34
78,7,48
77,73,36
7,12,15
76,49,31
59,71,28
8,86,26
2,96,21
63,32,62
7,76,9
59,5,47
49,19,48
88,46,21
40,91,42
80,50,15
9,53,3
20,69,12
88,83,19
26,11,19
49,21,37
37,23,18
74,69,5
68,25,47
66,73,29
77,71,9
60,24,55
98,5,18
98,45,10
92,78,14
92,27,13
88,81,43
83,96,3
91,77,11
50,27,14
77,77,36
97,57,23
15,18,56
68,53,40
9,54,15
6,75,15
32,81,34
18,6,21
32,82,30
26,64,18
73,73,35
12,21,12
67,32,54
92,48,13
52,94,32
8,11,37
47,98,21
14,6,41
35,83,47
4,20,62
42,89,26
23,71,7
50,54,15
42,33,27
42,66,35
59,33,50
20,95,16
44,36,23
35,29,26
98,49,13
72,0,47
25,54,3
4,69,26
88,20,62
12,44,13
79,64,13
49,41,25
85,12,18
56,53,25
37,22,41
92,25,24
43,4,41
88,74,34
77,6,14
38,7,23
20,76,9
35,8,33
51,6,32
45,19,50
39,53,45
20,13,23
71,3,22
89,37,40
44,53,36
36,79,37
2,20,61
71,7,38
50,23,15
44,22,35
36,57,25
2,18,49
3,64,26
25,41,31
73,50,26
88,42,40
94,44,3
7,11,36
61,49,23
75,3,5
75,94,34
18,82,60
39,30,47
88,76,22
44,32,59
8,18,38
47,99,58
47,38,29
68,95,35
7,16,21
97,61,40
45,25,33
40,29,27
84,64,17
25,64,35
15,35,26
77,14,49
32,35,13
21,94,39
13,18,48
12,50,28
46,20,63
46,37,38
9,88,21
32,41,20
37,79,38
79,21,6
17,88,8
19,90,22
14,19,53
52,18,44
31,81,43
8,8,37
26,81,16
45,24,21
19,83,39
32,90,18
3,11,39
82,71,10
34,96,31
27,67,20
2,4,31
67,93,51
79,12,16
71,19,39
63,24,27
42,3,31
7,27,9
52,33,25
82,17,24
68,22,39
76,41,29
97,25,32
18,22,37
21,53,28
14,0,46
15,49,43
52,66,42
15,37,43
22,72,24
22,15,23
23,18,44
35,88,39
20,18,37
92,3,15
92,71,17
90,61,38
82,90,17
23,37,31
71,79,29
90,23,13
89,13,29
35,33,28
89,24,55
71,13,30
59,42,56
77,29,29
47,43,13
44,26,35
66,94,37
21,20,53
47,29,8
13,28,33
51,73,20
91,8,45
46,91,15
41,69,33
53,2,21
76,36,30
40,27,28
12,14,50
18,77,33
79,11,29
89,42,33
42,67,34
94,95,34
43,83,37
63,61,48
19,44,28
9,79,25
43,10,28
15,28,29
8,96,6
92,5,20
13,68,42
37,91,46
18,5,35
98,15,21
76,86,35
71,71,10
38,2,21
15,88,34
54,38,32
25,43,46
79,30,33
51,90,19
63,16,33
77,45,30
27,95,21
41,15,31
42,37,24
39,79,37
50,98,24
75,35,16
23,40,35
92,53,28
36,42,51
14,26,28
8,73,28
47,78,12
60,25,47
57,10,25
2,89,22
14,88,23
97,22,27
50,73,9
56,88,13
41,14,24
66,74,26
59,70,48
9,11,44
36,95,41
22,44,31
63,67,33
88,26,27
6,54,28
44,78,24
66,12,28
56,57,17
67,27,18
9,78,18
61,45,20
4,6,18
49,71,21
25,44,38
19,14,1
89,14,56
41,77,20
78,2,18
42,44,29
23,78,17
21,0,13
21,8,3
48,52,39
39,74,35
56,38,25
63,6,35
51,99,61
76,96,18
66,96,19
37,82,20
32,13,27
18,15,27
20,5,16
97,24,48
17,23,20
22,38,28
48,66,47
83,24,8
31,67,34
98,36,3
51,3,27
53,44,19
51,0,37
14,51,9
36,6,13
88,61,8
63,94,50
94,50,18
61,99,61
6,3,17
51,78,15
79,90,1
49,51,13
56,61,21
85,79,15
45,51,26
88,43,32
31,25,41
63,15,41
91,67,25
36,77,37
75,66,44
72,15,19
48,23,17
97,36,16
12,29,40
97,19,25
35,36,15
80,48,17
7,89,26
21,32,49
91,90,37
71,16,25
17,93,41
84,8,33
23,95,24
98,13,18
85,50,21
43,32,54
56,98,23
50,46,27
94,26,26
6,32,40
21,96,9
4,21,33
27,70,31
66,18,2
12,0,25
94,0,15
82,61,34
43,53,30
51,40,33
43,67,20
3,14,46
7,68,31
13,3,5
57,64,26
77,22,30
38,28,26
98,10,33
38,32,50
59,2,16
68,49,37
90,28,13
52,5,9
77,40,37
98,2,14
2,43,43
22,32,53
89,20,65
89,77,19
59,6,33
53,75,22
45,45,29
73,64,17
4,94,38
37,33,32
60,44,39
66,57,26
42,49,27
96,95,25
49,78,19
83,21,11
96,82,39
80,29,12
77,0,44
15,33,19
91,89,30
59,19,67
49,29,24
47,48,25
25,53,42
97,38,25
73,94,8
20,36,17
17,35,28
21,21,35
18,44,37
9,8,24
26,21,11
25,50,33
80,77,20
66,19,4
2,25,41
56,43,25
76,90,27
44,89,24
14,81,44
21,13,27
14,27,23
76,32,58
53,42,39
26,30,38
57,27,15
36,16,33
73,20,57
38,22,23
80,52,28
45,36,33
56,96,9
79,45,28
4,70,33
23,88,17
19,6,10
27,54,21
9,98,22
43,77,6
41,98,26
76,42,40
19,48,31
96,10,14
50,50,23
96,44,29
43,35,22
68,70,38
78,77,26
90,19,48
43,8,31
2,93,41
75,13,10
68,86,43
18,28,38
35,26,19
2,42,40
7,17,18
39,67,25
17,86,21
73,16,13
14,44,34
44,48,38
57,77,19
8,75,18
34,13,46
34,43,53
90,21,5
85,46,25
27,50,29
21,82,48
23,66,42
6,49,29
54,43,43
54,52,43
31,18,32
8,43,29
6,79,24
49,53,39
79,77,13
89,91,16
97,11,22
35,32,38
53,54,15
60,22,11
31,93,55
83,45,16
6,57,12
37,69,37
42,95,25
6,41,11
27,96,16
68,35,25
15,75,42
75,89,19
47,8,24
43,21,28
44,30,40
98,89,21
12,38,26
21,52,30
67,46,17
53,43,20
48,26,38
79,37,34
85,7,3
78,15,37
18,70,36
91,86,45
57,95,22
94,66,35
48,98,30
82,13,30
19,51,10
51,45,20
32,71,6
21,69,28
78,43,41
35,52,44
52,10,26
60,19,49
31,51,28
76,78,23
78,76,22
78,50,8
39,23,20
19,94,38
88,52,41
18,11,52
54,75,32
94,74,25
27,48,28
34,30,48
14,82,58
31,61,30
2,24,49
79,19,49
92,64,7
48,36,7
46,71,17
8,17,22
68,52,33
66,99,21
49,16,37
74,28,17
8,78,11
34,41,38
52,36,23
6,98,17
80,88,3
85,94,8
48,18,49
56,37,28
66,66,31
79,57,17
76,0,45
14,46,22
22,28,30
21,27,13
77,5,28
21,93,44
79,0,19
8,7,36
42,73,24
79,50,28
47,26,16
56,78,14
77,41,25
92,37,11
36,75,28
63,90,25
80,40,25
36,74,32
75,29,17
44,74,22
8,94,36
18,35,23
38,10,24
90,0,18
74,37,39
40,10,20
94,18,37
96,23,28
25,40,43
35,14,33
39,89,37
35,3,34
44,6,19
88,90,25
21,83,35
48,67,15
90,14,49
13,23,32
96,98,14
44,25,43
83,54,8
76,14,53
45,86,36
12,12,42
79,96,15
23,44,28
17,40,27
7,18,37
8,33,19
47,30,8
94,38,16
96,50,13
77,7,47
84,41,13
27,79,18
12,8,15
96,19,34
89,53,40
2,50,30
31,43,41
63,76,26
59,44,49
60,52,37
12,25,21
25,18,52
2,90,27
27,26,25
18,74,24
35,79,38
74,77,19
73,91,14
26,3,15
80,13,10
67,78,19
7,99,56
37,15,29
17,12,13
98,67,20
73,26,34
12,41,26
94,89,26
76,51,8
89,72,25
84,28,19
48,57,20
61,43,33
44,86,39
52,22,25
89,75,33
78,91,31
14,66,49
3,44,26
18,61,34
36,61,42
3,6,33
77,98,31
44,75,34
8,77,14
50,83,36
94,27,15
47,70,22
40,95,37
74,27,24
94,46,26
85,64,17
8,2,8
25,91,41
41,57,21
82,28,22
23,77,24
71,48,26
32,70,24
21,50,22
14,30,37
42,23,30
97,75,26
13,11,44
3,74,27
90,26,35
49,28,31
98,19,50
60,93,51
40,20,21
42,69,21
39,20,64
53,81,38
53,13,19
71,91,26
83,16,14
48,64,16
40,89,26
7,5,16
88,28,35
40,94,44
82,95,33
50,20,31
97,79,31
13,57,25
92,82,31
35,71,23
31,33,31
57,76,15
15,93,53
27,88,14
6,81,28
50,89,8
57,75,23
76,57,27
83,5,14
56,67,24
18,57,33
82,25,31
23,53,29
42,52,37
68,73,40
34,94,47
67,67,34
41,22,25
39,99,71
35,78,3
21,29,28
90,12,15
15,38,23
57,71,28
90,96,14
71,37,24
40,13,35
46,35,23
91,29,40
72,5,31
94,29,30
39,48,47
37,83,53
67,90,23
12,99,66
27,27,20
74,51,22
56,50,22
6,64,15
20,57,14
43,82,53
76,22,9
46,22,23
82,64,20
71,51,18
53,45,23
37,13,39
97,14,9
76,43,19
25,6,20
4,73,35
7,35,28
75,49,29
73,67,23
47,79,15
79,14,50
52,82,51
91,18,57
98,24,31
47,88,11
60,79,32
52,81,40
38,52,16
44,24,51
35,86,18
84,36,19
37,3,24
71,89,10
9,51,7
13,40,39
40,61,38
53,96,10
27,53,15
6,45,16
7,73,27
13,6,38
26,44,12
12,42,55
7,24,39
82,68,31
92,75,21
34,76,35
46,70,34
56,66,39
60,72,35
91,66,55
84,96,2
37,99,32
20,83,28
36,91,34
47,75,2
42,74,30
39,98,33
22,86,33
42,45,24
13,16,30
94,25,11
12,96,21
45,88,34
22,16,33
74,45,8
66,16,1
50,22,23
66,43,40
20,90,14
4,90,28
94,42,45
9,91,25
57,29,12
71,64,20
77,57,26
26,45,30
32,0,36
6,30,21
12,64,19
25,33,11
71,14,40
60,0,51
59,54,42
96,14,35
91,19,59
57,70,26
49,43,46
53,37,29
64,81,13
45,81,44
38,72,21
46,95,8
2,66,47
22,96,24
97,29,19
38,70,25
14,96,19
61,78,15
23,64,27
54,76,35
14,72,33
63,99,73
31,26,27
53,33,23
37,18,13
31,86,35
34,68,4
13,75,28
40,68,3
6,2,20
15,20,68
85,52,31
43,42,36
83,76,7
31,28,35
27,66,46
19,72,20
72,73,30
51,68,36
3,27,15
41,82,28
85,14,43
38,11,41
61,67,30
83,27,7
19,37,29
21,88,25
53,91,22
60,71,19
34,72,42
85,8,13
15,43,53
97,54,19
3,25,34
92,89,13
40,73,36
49,52,36
34,24,59
47,52,30
97,13,34
49,6,26
96,89,21
97,49,36
6,68,26
34,19,61
56,23,19
82,50,18
75,53,32
52,42,33
9,5,24
38,36,10
40,14,12
79,68,41
38,95,18
36,13,38
83,89,24
51,2,21
45,32,56
23,7,29
57,50,24
85,72,5
98,64,21
74,76,24
47,16,18
8,89,27
38,54,15
73,19,47
61,61,22
21,78,14
40,16,8
9,20,57
37,21,42
92,45,22
22,42,46
27,12,19
15,64,28
83,93,40
50,52,33
22,10,30
61,14,45
3,73,21
60,78,20
38,13,25
49,22,36
39,17,25
85,4,35
53,82,49
74,14,55
60,17,20
20,8,22
3,70,26
52,88,22
15,29,17
21,72,23
75,40,37
66,29,20
4,86,38
96,46,17
15,25,30
67,30,32
37,37,31
48,48,13
34,75,42
66,40,24
18,0,49
75,95,27
59,57,45
25,26,41
36,46,33
53,19,44
36,68,39
18,32,61
31,75,30
77,93,54
27,15,15
77,25,40
73,71,25
76,67,20
52,98,23
51,24,41
94,6,22
79,33,26
9,95,12
43,52,37
36,41,24
47,3,6
37,44,43
98,77,21
45,43,26
68,4,37
21,76,13
36,11,44
85,95,15
26,99,65
12,4,46
59,30,54
90,29,33
19,7,37
48,68,43
92,76,13
75,16,30
17,30,22
43,64,29
79,71,12
15,13,48
41,72,28
50,64,2
80,23,11
41,78,17
35,82,37
72,28,37
23,72,27
46,7,48
83,64,18
57,45,21
27,68,42
51,43,33
68,40,46
83,20,47
97,37,10
20,53,21
98,70,31
97,91,27
18,96,25
23,14,47
56,83,32
26,7,36
39,14,55
68,3,19
46,24,28
13,94,34
23,54,21
96,25,37
94,99,56
4,25,42
73,38,24
44,51,16
25,82,59
37,35,27
40,46,29
73,51,27
51,76,14
59,61,46
89,90,7
83,37,22
17,78,9
43,20,58
2,0,45
27,73,26
9,89,20
79,32,55
41,75,24
40,21,38
49,20,58
35,16,29
19,74,23
20,33,18
35,28,15
98,20,60
17,79,12
25,13,18
17,4,31
4,42,41
38,83,30
67,16,28
3,21,25
82,8,25
57,33,24
67,41,25
61,82,49
84,24,36
20,96,5
40,79,34
39,12,38
13,21,30
45,67,27
3,69,18
43,99,65
31,88,22
8,91,38
76,88,22
38,25,30
82,81,33
18,2,4
76,2,29
80,95,10
73,95,42
21,17,23
44,50,32
85,91,14
89,95,24
47,17,3
82,77,29
52,78,17
82,26,26
73,35,15
18,79,30
18,18,53
31,12,27
52,99,63
22,64,28
91,81,53
96,38,34
73,14,48
90,43,37
36,43,39
78,88,36
27,28,29
77,68,40
51,22,23
19,18,42
46,32,59
71,76,32
41,51,22
73,37,32
54,29,32
21,30,27
4,96,22
52,3,7
76,66,48
49,77,31
94,30,29
31,46,21
26,43,43
41,33,19
45,57,25
96,32,40
34,53,44
72,74,36
88,95,21
54,30,38
68,13,42
37,77,27
44,19,53
42,35,37
54,20,61
42,88,18
68,82,62
40,71,21
34,6,27
12,82,54
51,29,11
82,82,5
82,54,33
97,7,44
52,72,9
34,95,39
75,11,44
19,16,30
15,53,46
53,15,29
71,28,22
54,90,29
96,86,20
9,83,10
37,38,24
45,61,42
54,49,44
20,0,32
53,52,33
97,72,30
84,83,28
14,83,42
75,24,47
6,40,23
45,16,27
12,23,20
76,89,27
36,21,30
42,24,45
35,51,31
49,90,32
51,30,28
19,28,27
7,29,23
38,82,49
20,7,35
50,95,32
98,48,18
98,51,17
71,81,33
25,78,25
42,21,28
38,57,19
66,0,44
23,50,25
31,16,31
25,25,46
68,66,53
56,6,28
51,33,23
61,94,28
80,18,34
60,67,20
63,88,40
25,32,60
4,19,52
52,76,16
46,88,1
54,16,37
7,40,28
26,52,29
85,5,19
74,22,24
75,93,53
67,72,28
50,76,14
46,78,24
37,52,40
21,86,12
37,96,30
13,26,25
32,19,25
14,41,30
89,11,35
20,72,19
41,61,38
98,53,16
17,45,14
85,88,26
64,11,16
82,37,24
82,52,31
57,73,21
68,32,63
38,78,15
18,4,35
32,22,22
39,5,40
48,91,13
48,3,18
77,30,35
18,17,24
71,35,7
61,17,6
44,90,29
79,99,66
48,10,28
40,54,20
20,78,10
83,51,13
88,22,22
54,57,29
89,45,34
6,10,17
41,52,35
38,0,34
17,53,20
15,82,63
4,61,31
68,15,29
90,70,29
44,29,27
83,91,15
84,19,36
37,93,54
94,68,31
78,66,25
80,4,32
98,52,9
76,94,36
79,89,22
17,90,13
37,68,7
14,36,31
48,20,61
71,44,23
9,44,2
59,41,44
14,53,35
92,0,28
19,95,31
63,21,30
56,52,32
82,67,19
13,33,29
63,68,48
26,67,12
60,42,10
80,73,24
54,26,38
7,72,2
32,15,8
67,98,28
56,82,48
80,32,42
89,73,43
89,0,25
68,14,58
45,42,45
75,72,25
47,64,22
23,8,30
17,77,12
54,22,33
2,12,27
91,16,12
14,22,32
27,89,27
13,0,43
19,78,15
97,96,14
17,21,18
72,67,6
4,88,23
17,17,20
60,35,26
44,91,38
59,37,52
80,70,17
76,21,32
59,49,47
2,11,48
66,49,32
85,11,33
35,21,30
48,11,32
83,70,18
37,6,25
14,73,29
45,3,29
17,73,14
51,26,19
7,8,21
20,10,19
31,41,29
49,73,33
90,67,18
98,54,26
83,74,19
36,32,53
51,75,22
89,23,20
50,66,17
27,0,37
17,44,19
25,28,12
26,10,15
4,83,42
37,43,51
23,83,36
34,21,42
41,38,23
40,52,36
17,28,21
67,43,37
92,15,25
83,18,35
31,82,39
46,68,45
39,75,41
22,7,46
8,4,33
26,66,44
50,17,26
47,67,14
23,22,28
73,3,26
90,48,9
22,51,14
13,48,34
88,71,30
44,67,12
74,11,35
52,30,30
18,98,22
31,4,44
78,28,12
2,10,34
17,43,27
21,33,20
78,42,49
60,38,21
89,71,27
36,71,8
8,15,25
74,19,54
35,99,49
18,7,38
37,86,17
13,2,27
15,71,22
47,77,15
27,75,8
19,96,20
39,51,19
92,20,36
2,41,28
21,18,41
98,37,35
97,46,31
7,13,6
22,21,30
56,21,23
48,5,29
92,50,5
9,96,13
88,29,9
49,54,28
44,88,24
89,5,32
80,6,2
27,43,19
50,36,12
97,95,36
83,13,23
97,6,29
78,16,26
66,70,29
45,23,32
76,18,50
88,72,32
82,83,34
57,0,38
53,74,26
59,96,37
38,71,18
6,89,5
13,95,27
68,24,55
23,11,43
96,90,23
76,68,44
63,30,26
37,10,24
98,12,9
78,54,23
15,98,30
54,98,34
44,64,34
34,67,20
21,57,18
98,83,23
82,41,16
68,88,28
27,81,41
46,23,19
89,86,24
44,99,70
36,7,46
19,30,31
78,70,10
32,3,26
39,82,59
78,90,23
67,45,24
47,89,21
96,43,23
12,51,29
18,13,40
54,78,22
49,94,41
39,76,33
75,36,28
77,24,51
63,70,37
7,88,23
15,51,26
9,72,26
59,25,57
91,49,52
37,26,39
4,67,11
92,22,9
74,40,43
27,61,22
98,94,19
89,74,35
9,40,36
83,22,16
19,66,40
18,23,9
18,27,28
32,14,26
50,72,26
49,81,42
13,76,20
85,15,24
31,22,31
50,79,27
80,54,25
73,22,32
74,46,1
74,95,9
13,70,31
80,74,1
76,98,32
41,28,6
73,41,24
40,28,13
50,41,21
26,13,38
84,66,32
54,72,11
13,52,39
9,61,29
9,90,16
37,25,51
94,64,9
50,88,28
19,35,12
60,7,44
52,43,35
71,25,31
41,37,8
36,45,29
98,61,12
83,4,30
92,35,20
39,18,52
35,30,39
7,75,17
8,27,10
14,32,59
44,70,34
7,44,19
2,23,5
61,75,22
75,44,31
60,70,30
60,21,38
4,26,34
15,4,43
9,93,45
71,36,22
90,22,27
54,12,40
39,72,43
63,19,56
66,30,35
49,32,54
7,45,18
25,12,43
61,28,27
38,24,38
76,8,35
37,81,25
72,14,55
45,76,20
90,11,28
3,51,1
51,89,31
8,36,23
77,90,26
41,44,22
46,81,31
37,12,39
84,89,23
4,36,22
83,57,12
53,24,15
57,74,27
54,35,19
53,66,40
66,15,18
89,29,40
22,13,9
44,69,27
57,17,7
63,71,30
47,46,10
37,54,24
94,57,20
47,86,24
59,40,56
32,76,13
19,20,54
20,49,18
35,5,32
77,70,29
39,44,44
19,12,29
31,66,30
35,20,42
8,21,34
12,74,35
42,81,33
91,4,55
63,96,22
54,45,33
84,88,20
43,12,23
3,2,22
77,44,32
51,72,24
59,73,50
67,76,18
73,7,47
43,5,25
53,73,32
59,38,27
20,37,24
72,54,25
57,43,34
31,15,17
88,30,26
54,51,21
79,49,5
88,99,69
34,3,23
60,43,21
48,50,30
82,10,22
90,69,33
72,17,16
76,83,41
48,4,43
9,22,2
75,69,23
21,98,21
90,73,36
75,83,39
4,14,53
49,76,27
85,30,26
96,12,23
17,25,27
73,69,38
8,49,33
56,93,46
85,36,19
48,41,28
2,52,27
63,78,27
67,12,23
61,53,26
27,19,50
42,61,26
15,68,50
92,49,21
57,24,42
91,21,42
40,24,57
40,69,33
49,99,65
80,20,46
72,72,9
3,68,37
98,6,16
51,20,54
96,33,13
68,54,32
77,12,37
77,28,31
38,68,36
92,29,20
46,54,23
91,48,46
40,86,13
25,14,55
9,33,23
89,30,39
77,42,50
32,50,22
44,81,47
82,0,35
41,13,32
56,32,49
49,38,20
88,49,31
96,40,23
56,71,23
52,95,24
44,12,29
72,19,54
82,91,26
72,90,29
26,73,1
23,13,31
20,93,42
37,7,47
84,32,42
42,11,36
67,11,42
85,96,8
84,52,25
36,64,28
88,50,31
8,51,16
51,79,18
68,75,38
67,36,26
96,49,27
97,12,34
45,90,19
91,88,43
41,35,21
96,26,21
85,28,18
44,17,22
2,27,24
52,19,46
56,54,14
54,21,34
26,61,32
4,40,41
72,86,37
48,14,52
34,69,35
23,45,23
98,17,18
76,24,49
78,82,34
41,73,11
36,24,50
36,96,36
50,16,18
74,71,18
76,46,21
45,96,16
12,36,32
83,36,20
88,96,18
74,21,12
35,48,35
63,64,37
7,42,26
71,90,17
43,73,24
40,32,17
32,12,18
78,89,16
76,30,14
89,50,34
2,44,33
8,22,19
48,73,39
80,68,28
15,67,22
17,22,17
50,18,19
3,37,30
39,7,49
59,24,65
38,67,27
72,18,52
45,22,16
26,83,43
25,76,38
46,76,23
15,3,25
6,46,20
92,95,5
61,71,27
74,78,25
46,10,30
40,78,26
68,16,38
34,16,9
98,29,13
8,54,11
71,72,35
75,76,20
39,41,31
75,38,29
41,45,25
98,25,23
89,98,33
6,26,21
80,41,13
7,94,25
42,16,28
83,99,54
31,32,9
46,50,32
42,41,16
59,21,48
56,25,32
61,52,33
42,94,32
50,5,21
79,27,19
17,69,11
9,24,18
36,93,53
45,68,42
13,14,51
38,74,9
31,83,41
31,23,29
57,36,23
38,91,25
78,11,26
60,48,42
20,16,19
38,45,17
80,25,22
19,82,5
6,44,18
4,51,15
73,89,34
8,24,40
90,66,44
59,20,77
7,30,23
51,51,20
14,29,20
59,35,35
38,43,33
79,54,18
98,86,26
41,18,21
74,93,56
19,21,27
46,25,20
90,94,25
49,7,43
54,17,27
72,88,24
31,91,36
44,33,36
18,42,44
57,2,22
38,94,26
71,23,14
2,86,37
13,78,21
37,2,13
78,69,39
59,27,40
21,41,20
46,41,30
12,18,47
54,32,57
67,71,31
72,82,59
18,69,29
32,44,24
83,2,14
8,90,29
90,6,25
84,77,10
50,2,10
51,17,6
91,96,39
53,64,25
84,42,38
85,22,21
8,0,47
9,48,25
75,73,26
96,30,18
27,21,24
41,50,2
31,14,35
57,38,33
6,36,17
37,8,45
68,37,42
14,7,49
79,2,9
3,29,12
3,78,16
79,24,49
36,5,27
92,13,10
36,81,41
94,54,14
32,96,9
45,2,27
12,72,35
78,68,21
83,90,6
85,18,40
57,78,16
51,82,49
89,82,60
84,29,23
89,46,36
63,40,45
23,82,51
9,45,26
36,0,43
17,61,16
43,24,45
42,38,36
98,82,55
37,24,61
27,93,33
6,14,35
96,8,31
53,29,31
52,7,7
52,4,4
75,70,29
73,0,23
77,74,33
90,27,18
40,81,21
26,90,29
9,0,34
75,15,15
53,99,61
46,21,11
52,15,17
78,71,20
72,16,34
12,90,42
91,30,46
74,33,32
4,57,30
44,49,33
41,93,49
54,89,22
52,21,25
36,17,32
91,68,51
9,18,45
18,53,38
78,12,38
61,86,27
61,8,27
4,38,12
6,11,31
66,42,41
19,32,50
51,38,32
22,77,16
92,14,27
49,3,22
19,27,17
49,27,27
72,81,45
54,11,48
72,7,50
56,2,14
49,86,34
76,28,35
84,69,23
74,54,24
39,21,43
32,18,23
71,61,34
79,29,27
83,32,43
20,4,32
26,95,31
21,26,30
67,3,3
77,82,53
3,96,11
44,4,33
78,57,27
56,45,19
26,88,24
68,99,74
27,33,29
63,8,33
85,82,47
60,61,36
66,7,40
78,79,35
66,76,23
13,29,17
49,75,35
9,15,16
64,10,12
42,78,10
23,4,26
84,10,16
84,81,30
97,32,31
82,27,12
14,28,36
35,42,52
27,5,7
2,79,26
35,46,38
80,42,21
15,23,17
6,67,14
40,76,30
52,50,25
57,61,23
35,61,47
21,64,7
27,57,5
15,99,75
91,42,61
3,40,34
25,88,38
12,43,44
19,79,28
14,18,51
82,70,20
97,69,35
9,14,48
97,70,6
61,72,24
12,54,24
77,3,17
90,46,29
94,21,2
19,3,9
40,30,42
76,99,69
88,40,41
71,29,29
84,44,31
48,2,12
39,71,27
4,95,30
68,91,42
85,35,15
88,27,22
17,36,16
17,20,48
44,66,49
66,26,28
12,26,36
9,74,24
68,81,51
18,46,25
9,25,30
77,51,18
4,68,44
59,64,48
46,66,49
61,19,44
84,95,27
2,95,29
74,91,16
41,91,25
82,43,31
90,15,31
84,79,24
43,13,18
39,29,30
37,74,33
18,3,17
82,78,10
14,71,36
76,72,32
66,33,21
48,16,12
14,12,28
8,68,32
83,82,42
72,29,21
20,75,17
60,82,54
94,12,32
12,6,32
18,52,31
9,82,52
78,0,40
35,6,28
56,95,20
36,8,33
66,93,47
98,18,48
47,14,42
38,35,25
38,42,29
54,54,36
52,86,32
60,98,28
50,53,29
61,36,22
7,7,35
8,48,38
3,94,29
38,41,21
74,66,50
82,53,27
9,70,28
51,8,27
54,28,34
3,99,62
3,12,20
57,20,55
88,69,25
73,28,18
14,94,37
53,32,50
96,94,30
76,33,30
49,40,37
53,0,31
8,72,22
26,36,4
7,81,33
6,29,24
38,79,15
83,12,21
98,38,25
41,23,17
88,77,26
18,86,41
53,35,25
47,6,16
35,57,30
8,30,24
67,0,41
6,38,15
32,21,23
61,41,21
27,82,55
89,18,53
72,96,20
78,10,22
74,13,16
32,7,39
27,20,60
75,79,24
59,89,38
3,8,28
61,7,40
35,94,28
26,23,7
59,79,42
42,75,26
78,17,34
59,3,29
22,35,15
43,29,15
43,61,26
31,27,22
83,48,15
14,61,31
94,5,22
27,40,39
25,46,37
12,94,10
43,76,18
13,91,34
51,32,50
90,81,25
35,53,40
83,71,20
9,28,9
78,24,52
36,89,18
42,29,15
73,79,39
35,96,21
78,78,7
75,48,34
96,71,17
15,94,19
51,4,37
49,72,37
56,75,14
68,5,37
4,2,1
26,82,53
85,73,30
63,10,36
78,45,31
8,88,24
61,46,13
32,46,12
98,22,26
14,42,41
18,24,53
97,0,36
35,73,20
51,53,26
26,53,36
17,15,3
54,74,36
85,76,12
31,24,49
60,32,55
49,23,14
14,95,30
3,4,38
47,27,11
84,35,26
19,5,15
67,4,41
78,74,34
78,25,36
96,81,28
57,15,10
46,8,14
75,99,65
44,77,31
91,35,27
92,16,18
6,16,20
3,67,31
7,10,19
83,69,24
56,12,18
45,77,24
8,29,27
25,96,34
90,78,19
3,95,22
19,15,19
26,33,9
82,33,35
13,43,39
20,45,15
79,43,38
17,74,20
35,22,34
60,14,50
39,15,28
31,95,29
36,15,35
72,93,57
15,21,21
47,82,46
4,18,50
82,88,26
49,42,9
75,14,49
63,17,38
45,28,32
85,3,14
74,48,16
75,17,12
80,83,22
51,98,24
26,86,8
67,23,30
59,43,59
47,36,19
61,73,20
20,66,35
36,49,42
34,54,36
31,0,45
80,66,32
94,79,31
61,6,32
96,20,44
91,72,19
25,93,60
3,66,41
22,5,27
20,35,29
2,72,32
97,28,27
82,86,25
21,71,15
72,37,39
13,12,25
39,95,11
7,38,32
74,89,28
89,36,23
61,12,19
32,99,11
57,66,41
45,14,51
66,4,14
17,68,30
97,40,14
82,7,38
32,40,14
4,4,32
50,26,8
73,99,64
79,70,30
59,68,10
19,99,61
41,25,30
47,0,15
31,72,32
48,51,19
98,66,46
50,11,18
97,4,35
43,71,15
53,41,21
27,72,24
60,57,13
12,71,27
47,44,22
49,61,35
9,29,18
63,43,32
80,8,16
39,70,35
12,81,32
25,23,29
60,54,24
21,38,14
82,98,22
88,24,27
94,70,20
27,78,21
79,82,54
9,38,15
89,15,38
49,30,41
20,24,36
27,7,26
54,81,45
2,82,56
4,48,37
42,79,22
13,64,31
68,10,40
67,86,31
68,89,28
43,2,25
40,18,9
49,70,29
15,54,33
15,48,48
9,23,9
88,17,14
2,99,68
41,74,28
88,48,34
42,46,17
17,5,15
59,8,51
82,45,21
12,11,35
59,53,50
31,44,33
25,42,56
43,81,39
79,72,6
2,81,45
68,46,27
20,21,19
6,6,10
18,33,38
66,51,14
74,24,29
94,86,14
19,54,9
57,57,20
23,28,29
94,4,36
94,36,22
41,90,17
2,88,22
21,89,25
9,36,25
63,23,38
78,51,28
2,91,36
2,8,35
3,61,23
2,76,25
68,61,36
12,13,39
35,35,30
12,52,42
73,61,43
34,38,21
59,94,53
15,19,58
8,6,25
49,8,40
77,81,42
47,25,11
48,83,44
19,64,25
19,36,24
39,94,47
4,41,29
35,74,37
98,78,21
66,2,6
88,38,40
56,46,12
89,4,46
54,79,39
34,99,78
45,8,27
17,27,8
80,44,14
61,79,18
56,19,43
13,41,27
61,69,17
39,43,52
43,18,46
17,75,16
13,22,29
88,79,26
68,7,40
45,11,47
56,91,27
41,67,22
89,70,36
52,8,28
74,32,60
53,20,54
13,99,67
22,94,42
26,89,22
2,71,12
60,33,32
66,79,27
79,36,4
13,96,16
4,93,42
40,22,37
74,0,25
90,3,21
54,94,47
4,37,37
34,88,32
79,86,18
46,33,31
27,37,35
77,35,16
60,13,20
66,32,10
3,16,25
75,42,38
80,0,26
43,28,31
45,75,28
78,64,10
50,7,40
66,68,27
4,32,58
75,45,26
7,64,20
96,7,30
52,6,22
36,37,32
13,17,12
82,14,40
97,94,21
25,36,37
97,17,24
84,99,53
44,2,2
80,30,23
20,17,1
13,88,20
32,74,25
52,51,8
44,94,39
77,72,8
40,98,27
85,70,23
80,33,32
4,66,48
42,50,18
85,43,31
35,43,44
79,46,29
8,35,27
85,13,9
21,49,34
91,51,29
3,50,24
77,64,29
13,93,53
53,93,47
20,6,27
7,36,16
60,45,34
63,26,43
56,28,26
79,25,15
22,95,35
12,10,31
96,2,23
79,35,19
32,37,10
8,53,25
97,81,19
79,53,34
6,28,17
56,40,32
13,38,38
76,61,30
96,66,30
41,19,23
92,69,30
73,81,15
76,15,17
19,24,47
67,5,25
47,73,17
3,0,38
59,76,41
73,11,18
2,83,41
97,83,40
25,81,48
45,15,35
72,35,44
75,57,25
77,86,34
67,61,26
17,42,26
66,69,26
74,15,19
43,43,37
97,18,23
74,16,12
85,86,22
96,27,4
17,26,13
92,94,13
37,78,30
38,38,32
44,38,13
12,16,15
82,46,25
22,52,39
39,32,60
3,79,19
27,17,12
94,83,37
88,57,27
94,16,5
74,43,34
96,42,36
83,72,19
13,19,50
57,26,20
20,27,9
66,98,24
25,17,30
94,71,17
47,53,23
59,15,39
9,6,15
19,26,29
25,74,39
51,71,27
73,21,10
23,69,20
73,10,14
23,36,16
89,35,34
12,98,33
6,19,34
6,48,21
80,69,6
85,49,20
56,24,40
17,41,15
32,69,16
63,12,40
46,94,16
67,22,27
67,20,58
21,70,24
78,19,29
60,88,28
83,61,29
22,67,11
53,28,26
85,17,21
15,90,39
84,45,15
40,36,30
74,4,46
42,6,35
6,91,21
34,45,38
14,5,30
52,49,24
42,43,37
32,94,27
22,46,27
63,53,12
77,94,44
92,79,16
15,40,47
92,40,15
3,32,51
34,18,59
57,69,18
40,4,21
96,75,12
77,76,32
38,93,30
51,23,26
51,66,40
74,5,31
53,11,41
22,93,53
90,79,12
18,88,26
75,82,53
54,67,17
53,8,21
74,61,10
51,44,25
34,66,57
7,48,9
63,95,21
22,36,30
41,46,29
84,6,24
3,7,41
36,99,64
8,66,36
74,38,26
59,45,44
26,50,27
88,89,39
41,83,38
68,68,2
66,52,33
25,15,33
71,53,27
63,57,31
3,38,33
83,73,25
85,2,13
9,19,47
39,26,38
25,70,35
14,76,23
75,68,40
53,86,30
89,26,42
89,88,37
67,81,39
46,69,4
57,25,34
78,37,14
27,86,33
74,57,23
78,13,38
82,23,14
37,61,42
27,23,29
97,50,4
32,67,25
53,72,26
56,81,34
71,45,21
19,0,40
98,73,32
79,38,20
90,53,33
22,48,34
76,25,41
89,64,19
9,94,35
31,6,20
63,54,27
74,64,19
21,45,22
84,50,15
78,49,40
63,46,39
63,52,45
37,90,37
20,68,31
60,6,24
14,25,42
32,75,21
91,25,5
75,20,58
85,19,42
98,71,11
26,2,2
13,89,37
46,36,9
51,54,15
41,21,21
45,44,25
40,2,9
67,70,29
80,5,16
83,41,14
25,48,41
92,12,3
49,17,19
8,41,17
77,48,35
52,61,30
15,74,32
8,69,27
32,11,37
41,26,10
26,93,43
13,13,34
45,93,53
77,38,29
43,36,26
12,22,34
13,69,23
3,24,42
59,74,36
80,96,21
31,29,19
92,30,27
18,19,55
14,99,70
27,36,13
82,42,43
38,98,7
76,23,31
63,27,26
96,6,22
6,52,26
39,52,42
27,94,29
56,8,26
39,35,34
90,95,17
38,81,38
26,69,27
21,67,13
49,4,40
74,98,33
43,6,20
44,82,58
92,26,13
72,4,47
84,11,33
20,19,39
59,83,57
43,16,28
26,54,23
13,72,30
26,17,22
80,36,11
49,69,30
90,93,49
96,13,20
23,96,16
89,51,29
68,36,27
4,45,29
15,16,24
60,18,47
46,49,10
13,54,21
51,86,27
18,12,31
26,79,28
88,14,53
25,37,39
17,16,18
96,93,37
27,52,19
32,42,31
78,29,23
52,12,22
7,77,12
44,83,43
50,69,31
2,70,32
91,11,56
19,8,30
14,90,28
75,43,11
46,90,6
35,70,13
19,70,25
73,30,37
72,52,43
97,90,19
12,3,28
19,61,32
54,25,43
26,14,49
96,45,13
9,50,26
52,17,14
17,29,5
47,61,19
31,10,32
2,7,34
9,46,20
53,50,23
98,41,27
36,40,36
31,8,35
22,74,32
4,16,33
4,8,36
26,91,15
98,4,13
60,8,41
35,12,41
80,15,20
72,95,31
42,51,4
15,69,37
88,94,36
53,88,28
66,38,17
67,17,10
22,2,33
46,29,10
25,5,34
34,17,30
14,74,35
43,51,4
19,10,9
7,67,8
40,33,28
63,48,34
80,71,7
12,91,16
71,49,34
40,49,39
63,82,61
54,46,34
67,19,48
45,78,21
60,23,15
91,5,39
52,23,10
18,26,37
22,57,25
43,94,32
42,17,10
56,73,19
36,30,34
42,98,28
67,66,44
2,53,34
83,29,24
82,32,45
13,36,28
18,41,32
71,69,29
89,48,16
68,64,38
2,30,38
13,20,60
66,35,16
78,94,25
9,64,28
46,53,13
94,13,29
42,19,39
9,17,13
72,46,23
17,0,31
98,0,27
72,77,28
47,91,6
48,70,32
59,90,43
22,12,33
8,32,46
60,99,66
90,86,17
44,76,27
98,8,17
23,10,29
19,67,13
43,45,24
37,16,12
31,21,32
48,69,36
17,71,21
34,51,24
8,37,25
26,6,17
27,98,10
74,86,24
92,70,7
98,50,29
72,49,33
75,74,32
14,8,36
53,5,21
98,11,37
45,0,37
3,23,27
60,15,23
36,88,34
60,20,59
32,72,23
41,66,19
73,88,35
59,18,65
82,18,37
84,2,25
39,61,41
3,28,28
15,79,38
77,99,65
72,71,37
4,75,33
4,5,5
51,46,13
76,77,25
20,25,28
46,74,34
67,89,35
96,29,21
61,25,33
45,83,13
59,77,45
6,50,13
76,44,33
39,6,32
72,79,28
21,24,43
8,23,13
83,75,15
35,91,34
79,42,14
26,77,26
26,15,25
47,20,51
97,53,33
85,90,16
88,25,39
79,44,7
72,45,30
31,89,21
43,0,41
22,4,43
27,35,24
19,53,32
9,73,27
52,0,38
34,23,15
85,93,10
60,49,1
2,38,11
31,20,13
94,77,17
40,42,48
67,83,37
79,16,9
80,26,23
42,18,37
88,70,33
46,18,51
41,24,46
80,17,17
54,61,43
89,2,15
92,46,26
23,51,9
82,51,18
60,51,14
89,76,25
85,44,11
18,75,36
92,90,17
66,27,21
20,79,13
40,0,51
67,73,24
14,10,33
85,48,12
96,37,19
13,35,40
45,48,28
94,8,5
8,38,19
79,52,36
53,90,13
89,66,51
40,82,16
20,88,9
79,66,45
98,14,51
84,90,25
50,28,23
41,32,29
67,68,40
46,96,19
22,71,8
92,72,6
34,52,37
83,95,2
50,67,20
78,67,28
84,75,14
7,71,21
8,16,8
36,86,33
50,35,24
84,48,34
14,91,37
92,7,4
72,38,42
20,20,49
97,98,28
14,17,15
56,22,15
59,50,46
63,14,57
26,38,13
47,66,37
85,23,18
74,75,32
74,10,31
15,0,34
82,73,27
20,81,30
18,40,44
75,2,27
60,29,25
66,77,16
60,46,27
7,0,31
77,91,35
52,96,12
71,95,33
97,71,24
45,52,39
59,52,43
54,24,54
92,61,35
48,86,21
3,45,21
9,77,18
46,40,42
34,35,29
20,48,23
21,42,43
66,90,26
25,83,49
75,90,25
26,32,54
3,76,15
63,74,38
32,49,22
51,37,29
50,77,18
85,10,22
35,0,43
61,98,24
71,96,28
7,41,16
72,51,10
27,71,17
45,40,39
47,76,11
20,29,6
25,4,50
25,86,40
45,64,31
7,6,26
21,43,32
32,78,14
4,44,34
94,69,30
25,29,35
98,7,16
96,35,24
6,83,29
48,13,13
83,14,38
3,75,23
31,69,25
57,48,29
63,42,51
42,77,22
60,75,10
12,66,45
91,93,65
89,94,32
68,76,31
57,90,20
98,88,4
49,96,23
36,22,29
71,26,26
42,20,49
4,29,26
40,90,33
27,14,51
92,42,30
92,66,22
18,50,34
84,25,39
73,70,28
17,66,34
53,76,14
49,10,37
97,15,27
47,19,41
45,7,46
7,91,22
79,67,12
22,27,20
57,67,31
13,86,33
34,11,58
34,90,37
2,13,36
27,42,32
50,91,23
19,81,10
72,50,33
47,35,18
34,14,62
73,43,42
22,20,57
42,7,44
19,11,13
71,5,19
32,2,20
32,33,22
57,8,28
34,33,44
27,16,24
42,25,37
2,29,25
71,27,12
91,73,47
43,40,37
36,36,30
50,82,26
91,12,48
94,48,41
31,3,35
36,67,27
63,3,35
91,38,40
25,49,47
2,16,32
40,57,33
9,52,31
94,19,39
6,53,22
59,51,30
22,3,13
76,27,22
35,95,43
52,32,52
25,66,50
35,81,26
41,4,33
96,73,22
42,76,18
39,4,46
94,76,15
38,96,10
53,22,10
45,17,32
74,30,28
75,8,33
53,98,24
73,57,28
17,72,18
71,21,22
96,16,28
9,86,33
78,33,25
72,68,46
88,7,48
9,35,17
9,81,41
90,16,8
97,5,25
66,78,19
68,26,39
79,98,27
59,99,84
63,98,36
26,74,22
52,46,21
68,77,35
38,29,20
39,27,33
46,46,22
20,28,22
13,45,26
41,12,32
54,37,36
9,37,32
4,12,28
56,13,24
6,51,13
32,53,25
40,64,36
92,98,23
6,93,40
96,21,28
57,46,14
6,4,30
82,94,35
49,82,53
25,67,20
67,74,30
51,69,17
51,67,30
52,40,35
56,16,23
82,36,22
25,71,15
74,6,23
60,86,35
68,50,36
50,86,7
91,99,76
25,8,40
34,25,51
49,45,33
18,30,42
21,54,12
48,53,37
25,99,71
88,4,45
39,83,52
26,48,38
25,0,4
2,6,17
76,70,33
36,27,20
39,38,26
74,18,52
58,81,2
86,10,7
69,16,7
86,81,8
24,95,8
81,11,3
64,86,5
63,55,6
63,1,1
87,33,2
16,28,5
56,60,4
92,62,8
56,1,9
